<?xml version="1.0" encoding="UTF-8"?>
<con:soapui-project id="5e70e7bd-4245-4865-a729-57e09b625cd7" activeEnvironment="Default" name="Students" soapui-version="5.7.0" abortOnError="false" runType="SEQUENTIAL" resourceRoot="${projectDir}" xmlns:con="http://eviware.com/soapui/config"><con:settings/><con:interface xsi:type="con:RestService" id="746d9965-73e0-40cb-83ac-0f375870a865" wadlVersion="http://wadl.dev.java.net/2009/02" name="http://151.80.70.42:3000" type="rest" xmlns:xsi="http://www.w3.org/2001/XMLSchema-instance"><con:settings/><con:definitionCache type="TEXT" rootPart=""/><con:endpoints><con:endpoint>http://151.80.70.42:3000</con:endpoint></con:endpoints><con:resource name="api" path="/api" id="6f60bed3-e470-441c-a0d3-1081281dfbd5"><con:settings/><con:parameters/><con:resource name="users" path="users" id="96fe5ef3-d9a7-4b20-a860-8d13b98df258"><con:settings/><con:parameters/><con:resource name="67" path="67" id="03308d08-bc56-476e-a8c1-ec2847a60a4e"><con:settings/><con:parameters/><con:method name="Delete" id="0e1320ba-983a-4bb1-b8a7-e471d3e9f1af" method="DELETE"><con:settings/><con:parameters/><con:representation type="REQUEST"><con:mediaType>application/json</con:mediaType><con:params/></con:representation><con:representation type="FAULT"><con:mediaType>application/json</con:mediaType><con:status>404</con:status><con:params/></con:representation><con:representation type="REQUEST"><con:mediaType>application/xml</con:mediaType><con:params/></con:representation><con:representation type="REQUEST"><con:mediaType>text/xml</con:mediaType><con:params/></con:representation><con:request name="Request 1" id="53b1dcc6-2c93-4027-93d9-d7f7711e4808" mediaType="application/json" postQueryString="false"><con:settings><con:setting id="com.eviware.soapui.impl.wsdl.WsdlRequest@request-headers">&lt;xml-fragment/></con:setting></con:settings><con:endpoint>http://151.80.70.42:3000</con:endpoint><con:request/><con:credentials><con:authType>No Authorization</con:authType></con:credentials><con:jmsConfig JMSDeliveryMode="PERSISTENT"/><con:jmsPropertyConfig/><con:parameters/><con:parameterOrder/></con:request></con:method></con:resource><con:method name="Save" id="9ef87afd-ec57-41f1-baea-6624d1cbaff4" method="POST"><con:settings/><con:parameters/><con:representation type="RESPONSE"><con:mediaType>application/json; charset=utf-8</con:mediaType><con:status>200</con:status><con:params/><con:element xmlns:user="http://151.80.70.42/api/users">user:Response</con:element></con:representation><con:representation type="REQUEST"><con:mediaType>application/json</con:mediaType><con:params/></con:representation><con:representation type="FAULT"><con:mediaType>application/json</con:mediaType><con:status>401</con:status><con:params/></con:representation><con:representation type="REQUEST"><con:mediaType>application/xml</con:mediaType><con:params/></con:representation><con:request name="Request 1" id="d5dca119-8eb7-4303-a658-7d574379cb67" mediaType="application/json" postQueryString="false"><con:settings><con:setting id="com.eviware.soapui.impl.wsdl.WsdlRequest@request-headers">&lt;xml-fragment/></con:setting></con:settings><con:endpoint>http://151.80.70.42:3000</con:endpoint><con:request/><con:credentials><con:authType>No Authorization</con:authType></con:credentials><con:jmsConfig JMSDeliveryMode="PERSISTENT"/><con:jmsPropertyConfig/><con:parameters/></con:request></con:method><con:method name="GETSave" id="159c1558-c1c1-48be-8106-dc6fa72d7602" method="GET"><con:settings/><con:parameters/><con:representation type="RESPONSE"><con:mediaType>application/json; charset=utf-8</con:mediaType><con:status>200</con:status><con:params/><con:element>Response</con:element></con:representation><con:request name="Request 1" id="913b2aa3-ee71-4ef1-8665-a15df3f4e521" mediaType="application/json"><con:settings/><con:endpoint>http://151.80.70.42:3000</con:endpoint><con:request/><con:credentials><con:authType>No Authorization</con:authType></con:credentials><con:jmsConfig JMSDeliveryMode="PERSISTENT"/><con:jmsPropertyConfig/><con:parameters/></con:request></con:method><con:method name="GETDelete" id="78c8a83f-5ff3-43b9-b300-ec7e60d43133" method="GET"><con:settings/><con:parameters/><con:representation type="RESPONSE"><con:mediaType>application/json; charset=utf-8</con:mediaType><con:status>200</con:status><con:params/><con:element>Response</con:element></con:representation><con:request name="Request 1" id="30dd556e-055c-4aac-9ed2-6495b0efcb3d" mediaType="application/json"><con:settings/><con:endpoint>http://151.80.70.42:3000</con:endpoint><con:request/><con:credentials><con:authType>No Authorization</con:authType></con:credentials><con:jmsConfig JMSDeliveryMode="PERSISTENT"/><con:jmsPropertyConfig/><con:parameters/></con:request></con:method></con:resource></con:resource></con:interface><con:testSuite id="33ca56cc-7e22-4690-99cd-1227f50608d7" name="Students"><con:settings/><con:runType>SEQUENTIAL</con:runType><con:testCase id="f7521365-b4f4-4a2f-a73e-50a651f9724c" failOnError="true" failTestCaseOnErrors="true" keepSession="true" maxResults="0" name="SaveGETSave" searchProperties="true" timeout="0" wsrmEnabled="false" wsrmVersion="1.0" wsrmAckTo="" amfAuthorisation="false" amfEndpoint="" amfLogin="" amfPassword=""><con:settings/><con:testStep type="restrequest" name="SaveStep" id="fb47ed2a-e0f0-4f98-bac8-90cfe3a8ee05"><con:settings/><con:config service="http://151.80.70.42:3000" resourcePath="/api/users" methodName="Save" xsi:type="con:RestRequestStep" xmlns:xsi="http://www.w3.org/2001/XMLSchema-instance"><con:restRequest name="SaveStep" id="d5dca119-8eb7-4303-a658-7d574379cb67" mediaType="application/json" postQueryString="false"><con:settings><con:setting id="com.eviware.soapui.impl.wsdl.WsdlRequest@request-headers">&lt;xml-fragment/></con:setting></con:settings><con:endpoint>http://151.80.70.42:3000</con:endpoint><con:request>{
    "name": "ttttt",
    "phone": "444444",
    "role": "Student"
}</con:request><con:originalUri>http://151.80.70.42/api/users</con:originalUri><con:assertion type="Valid HTTP Status Codes" id="99bc890e-3df2-47c4-9411-7e52cf0f82f0" name="Valid HTTP Status Codes"><con:configuration><codes>200</codes></con:configuration></con:assertion><con:credentials><con:authType>No Authorization</con:authType></con:credentials><con:jmsConfig JMSDeliveryMode="PERSISTENT"/><con:jmsPropertyConfig/><con:parameters/></con:restRequest></con:config></con:testStep><con:testStep type="restrequest" name="GETSaveStep" id="1ce12ac0-d073-42c2-910b-bd1169a596b2"><con:settings/><con:config service="http://151.80.70.42:3000" resourcePath="/api/users" methodName="GETSave" xsi:type="con:RestRequestStep" xmlns:xsi="http://www.w3.org/2001/XMLSchema-instance"><con:restRequest name="GETSaveStep" id="913b2aa3-ee71-4ef1-8665-a15df3f4e521" mediaType="application/json"><con:settings><con:setting id="com.eviware.soapui.impl.wsdl.WsdlRequest@request-headers">&lt;xml-fragment/></con:setting></con:settings><con:endpoint>http://151.80.70.42:3000</con:endpoint><con:request/><con:originalUri>http://151.80.70.42/api/users</con:originalUri><con:assertion type="Valid HTTP Status Codes" id="c9e08ea1-158a-408b-8ad4-571273ca9b70" name="Valid HTTP Status Codes"><con:configuration><codes>200</codes></con:configuration></con:assertion><con:credentials><con:authType>No Authorization</con:authType></con:credentials><con:jmsConfig JMSDeliveryMode="PERSISTENT"/><con:jmsPropertyConfig/><con:parameters/></con:restRequest></con:config></con:testStep><con:properties/></con:testCase><con:testCase id="450aa6a5-dcd4-420f-b1ae-b9681e59fffa" failOnError="true" failTestCaseOnErrors="true" keepSession="true" maxResults="0" name="DeleteGETDelete" searchProperties="true" timeout="0" wsrmEnabled="false" wsrmVersion="1.0" wsrmAckTo="" amfAuthorisation="false" amfEndpoint="" amfLogin="" amfPassword=""><con:settings/><con:testStep type="restrequest" name="DeleteStep" id="9ee8a67e-8f7b-44ec-87a9-08f5b49b5533"><con:settings/><con:config service="http://151.80.70.42:3000" resourcePath="/api/users/67" methodName="Delete" xsi:type="con:RestRequestStep" xmlns:xsi="http://www.w3.org/2001/XMLSchema-instance"><con:restRequest name="DeleteStep" id="53b1dcc6-2c93-4027-93d9-d7f7711e4808" mediaType="application/json" postQueryString="false"><con:settings><con:setting id="com.eviware.soapui.impl.wsdl.WsdlRequest@request-headers">&lt;xml-fragment/></con:setting></con:settings><con:endpoint>http://151.80.70.42:3000</con:endpoint><con:request>{
    "id": 67,
    "name": "ttttt",
    "phone": "444444",
    "role": "Student"
}</con:request><con:originalUri>http://151.80.70.42/api/users/67</con:originalUri><con:assertion type="Valid HTTP Status Codes" id="fd3bc229-390d-444e-8e72-e85761f5c3ef" name="Valid HTTP Status Codes"><con:configuration><codes>204</codes></con:configuration></con:assertion><con:assertion type="Invalid HTTP Status Codes" id="ef0e3b43-ebbd-48df-be61-bfdb0e79f10a" name="Invalid HTTP Status Codes"><con:configuration><codes>204</codes></con:configuration></con:assertion><con:credentials><con:authType>No Authorization</con:authType></con:credentials><con:jmsConfig JMSDeliveryMode="PERSISTENT"/><con:jmsPropertyConfig/><con:parameters/><con:parameterOrder/></con:restRequest></con:config></con:testStep><con:testStep type="restrequest" name="GETDeleteStep" id="f0ba2d23-ab15-434a-b7ff-e7e8a8d47706"><con:settings/><con:config service="http://151.80.70.42:3000" resourcePath="/api/users" methodName="GETDelete" xsi:type="con:RestRequestStep" xmlns:xsi="http://www.w3.org/2001/XMLSchema-instance"><con:restRequest name="GETDeleteStep" id="30dd556e-055c-4aac-9ed2-6495b0efcb3d" mediaType="application/json"><con:settings><con:setting id="com.eviware.soapui.impl.wsdl.WsdlRequest@request-headers">&lt;xml-fragment/></con:setting></con:settings><con:endpoint>http://151.80.70.42:3000</con:endpoint><con:request/><con:originalUri>http://151.80.70.42/api/users</con:originalUri><con:assertion type="Valid HTTP Status Codes" id="569151b9-53b6-412b-845c-ddf1066758c5" name="Valid HTTP Status Codes"><con:configuration><codes>200</codes></con:configuration></con:assertion><con:credentials><con:authType>No Authorization</con:authType></con:credentials><con:jmsConfig JMSDeliveryMode="PERSISTENT"/><con:jmsPropertyConfig/><con:parameters/></con:restRequest></con:config></con:testStep><con:properties/></con:testCase><con:properties/></con:testSuite><con:properties/><con:wssContainer/><con:oAuth2ProfileContainer/><con:oAuth1ProfileContainer/><con:sensitiveInformation/></con:soapui-project>